用户名,密码,邮箱,性别
zhibo24,123123,zhibo24@qq.com,Male
zhibo25,123123,zhibo25@qq.com,Male
zhibo26,123123,zhibo26@qq.com,Male
zhibo27,123123,zhibo27@qq.com,Male
zhibo28,123123,zhibo28@qq.com,Male
zhibo29,123123,zhibo29@qq.com,Male
zhibo30,123123,zhibo30@qq.com,Male
zhibo31,123123,zhibo31@qq.com,Male
zhibo32,123123,zhibo32@qq.com,Male
zhibo33,123123,zhibo33@qq.com,Male
zhibo34,123123,zhibo34@qq.com,Male
zhibo35,123123,zhibo35@qq.com,Male
zhibo36,123123,zhibo36@qq.com,Male
zhibo37,123123,zhibo37@qq.com,Male
zhibo38,123123,zhibo38@qq.com,Male
zhibo39,123123,zhibo39@qq.com,Male
zhibo40,123123,zhibo40@qq.com,Male
zhibo41,123123,zhibo41@qq.com,Male
zhibo42,123123,zhibo42@qq.com,Male
